0,1
2024-06-01 01:28:05.148804,*
2024-05-12 03:11:17.318406,*
2024-05-01 04:25:58.117699,*
2024-06-02 00:25:33.445082,*
2024-05-10 02:24:47.876373,*
2024-05-02 23:47:25.881710,*
2024-05-20 04:19:38.042248,*
2024-04-09 14:08:09.726938,*
2024-06-05 07:09:41.364155,*
2024-05-24 07:42:42.853019,*
2024-04-29 23:30:02.223166,*
2024-04-25 08:34:14.340473,*
2024-05-21 15:19:54.738567,*
2024-04-11 01:39:49.998975,*
2024-05-27 05:07:43.764753,*
2024-04-27 14:33:20.025763,*
2024-05-05 12:34:25.527187,*
2024-05-30 18:28:21.694825,*
2024-04-28 22:12:56.407547,*
2024-06-02 23:12:29.948278,*
2024-05-29 02:59:21.582856,*
2024-05-23 22:09:42.581119,*
2024-04-29 00:45:00.852322,*
2024-05-10 05:31:55.573785,*
2024-05-27 17:00:26.975536,*
2024-04-30 00:43:17.867776,*
2024-05-29 16:42:29.604185,*
2024-05-26 17:03:56.864228,*
2024-04-28 08:15:37.043569,*
2024-04-12 15:21:32.490113,*
2024-05-01 20:54:15.062026,*
2024-05-12 03:11:23.780713,*
2024-05-09 13:41:51.152420,*
2024-05-06 12:44:41.915364,*
2024-04-10 03:10:29.946352,*
2024-04-15 09:59:38.897552,*
2024-04-24 17:14:30.811007,*
2024-04-24 06:59:14.050581,*
2024-04-26 08:40:29.740237,*
2024-05-02 05:40:54.392413,*
2024-05-08 23:46:20.561050,*
2024-05-18 01:53:05.614597,*
2024-04-30 13:53:38.005399,*
2024-04-29 03:58:12.823121,*
2024-05-16 21:42:20.168121,*
2024-06-05 02:41:01.585363,*
2024-06-04 02:27:06.529658,*
2024-06-04 05:29:53.278315,*
2024-05-18 08:32:16.950732,*
2024-05-05 08:33:23.173875,*
2024-04-15 06:12:19.768808,*
2024-05-30 23:25:16.580735,*
2024-04-14 16:47:24.515285,*
2024-05-10 07:22:01.610761,*
2024-05-25 16:33:30.512182,*
2024-04-20 17:36:46.860576,*
2024-05-29 10:42:02.146595,*
2024-04-27 06:37:01.801183,*
2024-04-27 14:27:22.988973,*
2024-04-08 18:01:49.542613,*
2024-05-22 04:28:35.323434,*
2024-04-12 18:00:19.398579,*
2024-04-27 16:31:06.876184,*
2024-05-18 15:38:48.941202,*
2024-05-24 01:18:44.071249,*
2024-06-06 03:51:19.878094,*
2024-05-19 08:20:46.595981,*
2024-05-11 12:58:50.904321,*
2024-04-09 17:24:31.791702,*
2024-05-11 06:03:20.667440,*
2024-04-15 03:29:39.695653,*
2024-04-21 22:38:06.217245,*
2024-05-17 06:53:29.543249,*
2024-04-22 18:56:23.492891,*
2024-04-11 03:24:32.048874,*
2024-05-03 02:40:41.584115,*
2024-05-06 05:21:50.541115,*
2024-04-14 03:20:11.966457,*
2024-06-03 04:00:29.738882,*
2024-05-04 00:00:58.155910,*
2024-05-05 19:04:46.726508,*
2024-05-11 22:20:42.203759,*
2024-05-19 20:53:45.008499,*
2024-04-09 09:41:57.548949,*
2024-05-19 12:30:07.334621,*
2024-05-02 05:49:19.712497,*
2024-05-05 21:39:49.631407,*
2024-04-15 07:00:01.755164,*
2024-05-27 16:39:32.072727,*
2024-06-05 23:07:38.118850,*
2024-05-31 23:58:25.461668,*
2024-04-20 22:49:08.169365,*
2024-05-02 14:34:18.628737,*
2024-04-19 02:06:41.013668,*
2024-04-26 12:45:51.792248,*
2024-05-16 09:49:08.497937,*
2024-05-23 13:12:21.564163,*
2024-05-02 07:10:48.737869,*
2024-05-24 22:09:48.082301,*
2024-06-06 07:38:27.111496,*
2024-05-21 00:21:58.810454,*
2024-04-17 22:56:40.386000,*
2024-05-24 02:06:15.665751,*
2024-04-24 03:18:50.498231,*
2024-04-14 17:04:16.383423,*
2024-05-05 18:06:48.609033,*
2024-04-23 19:00:14.306193,*
2024-05-16 20:29:05.068986,*
2024-05-23 18:38:39.102499,*
2024-05-20 18:44:12.159678,*
2024-05-23 05:47:49.000897,*
2024-05-21 08:32:20.997198,*
2024-05-08 07:40:54.221509,*
2024-04-15 17:05:45.577018,*
2024-05-08 05:23:22.602011,*
2024-05-23 17:38:26.811536,*
2024-05-07 18:38:04.557177,*
2024-05-18 11:46:57.864656,*
2024-05-27 20:18:34.731888,*
2024-05-28 05:54:38.112344,*
2024-04-26 12:01:13.379929,*
2024-05-28 10:27:16.312482,*
2024-05-02 18:59:35.396675,*
2024-05-18 03:24:23.297284,*
2024-04-14 02:02:07.693487,*
2024-05-23 11:48:18.726770,*
2024-05-04 11:56:43.179459,*
2024-05-30 07:10:53.831351,*
2024-04-26 12:23:11.436222,*
2024-05-28 23:16:25.473353,*
2024-04-11 22:46:19.424478,*
2024-04-28 22:52:22.578185,*
2024-04-19 12:40:10.835046,*
2024-05-09 16:52:17.320372,*
2024-05-12 18:04:41.613719,*
2024-04-27 11:48:54.695070,*
2024-04-16 14:57:03.822500,*
2024-05-16 19:29:57.141842,*
2024-05-17 00:07:55.496029,*
2024-04-27 19:37:28.449648,*
2024-05-05 00:10:19.554823,*
2024-04-20 09:44:19.722131,*
2024-04-20 14:30:30.038594,*
2024-04-23 18:22:45.835793,*
2024-04-29 15:06:08.353407,*
2024-04-20 17:23:19.087478,*
2024-05-14 14:38:51.240640,*
2024-04-22 18:06:05.383329,*
2024-05-10 14:16:15.722933,*
2024-04-23 22:48:44.075458,*
2024-05-08 04:47:32.658694,*
2024-06-03 17:31:38.890776,*
2024-06-04 07:09:25.958667,*
2024-05-08 12:52:50.168686,*
2024-04-18 23:27:19.803949,*
2024-05-27 00:48:54.291301,*
2024-04-12 07:16:10.409430,*
2024-05-25 16:10:42.437923,*
2024-04-14 04:02:26.609257,*
2024-05-20 22:14:58.533105,*
2024-04-17 13:59:19.517403,*
2024-06-01 00:42:22.957582,*
2024-06-05 21:17:12.759698,*
2024-05-31 22:48:26.151640,*
2024-04-29 00:53:53.722089,*
2024-05-23 03:35:30.525640,*
2024-04-13 01:41:06.520622,*
2024-05-30 11:17:33.643321,*
2024-04-26 09:24:23.797409,*
2024-04-29 00:06:54.753015,*
2024-05-31 18:06:51.720112,*
2024-05-09 02:33:27.702876,*
2024-05-07 23:16:49.528288,*
2024-05-22 12:01:31.510329,*
2024-05-12 16:12:54.299218,*
2024-05-21 17:19:18.060213,*
2024-05-20 04:13:37.888030,*
2024-04-29 12:22:57.566067,*
2024-05-16 06:19:54.843087,*
2024-04-14 23:59:31.474642,*
2024-05-20 08:48:08.927329,*
2024-06-02 03:53:07.780959,*
2024-05-05 09:42:23.971490,*
2024-05-16 12:26:29.325403,*
2024-05-26 07:58:28.953049,*
2024-05-17 17:34:18.915324,*
2024-05-25 14:05:09.217447,*
2024-05-27 00:52:03.314559,*
2024-04-08 13:31:13.543439,*
2024-05-03 02:34:16.798655,*
2024-05-02 13:44:42.309985,*
2024-04-20 00:39:09.964114,*
2024-04-30 19:49:53.036205,*
2024-05-26 05:25:09.012247,*
2024-05-20 22:29:05.774597,*
2024-06-01 03:42:37.762456,*
2024-05-29 19:08:42.791034,*
2024-05-23 06:39:59.877020,*
2024-05-21 16:01:12.101442,*
2024-04-15 10:32:55.029923,*
2024-05-18 07:57:37.183014,*
2024-05-08 21:37:02.287789,*
2024-04-17 21:19:52.956878,*
2024-04-21 16:15:29.802310,*
2024-04-20 11:36:14.907536,*
2024-05-23 21:00:10.256959,*
2024-05-25 21:11:15.819390,*
2024-06-02 22:07:43.709953,*
2024-05-28 13:03:18.906670,*
2024-04-29 11:24:50.401728,*
2024-04-18 08:15:24.391820,*
2024-05-04 11:31:23.746818,*
2024-04-21 08:23:59.911330,*
2024-04-20 03:28:55.071329,*
2024-05-28 23:16:03.670472,*
2024-05-08 14:04:04.017983,*
2024-06-06 03:40:45.740908,*
2024-06-02 11:39:33.994076,*
2024-05-16 19:41:06.775166,*
2024-05-25 23:56:33.992304,*
2024-05-24 11:52:39.179960,*
2024-05-19 16:22:12.488194,*
2024-04-09 07:20:11.031657,*
2024-04-26 16:03:24.455570,*
2024-05-17 19:20:40.568567,*
2024-05-12 22:56:09.276818,*
2024-05-11 10:40:03.702729,*
2024-05-04 06:54:23.724253,*
2024-05-20 04:58:22.741683,*
2024-04-08 21:55:17.397475,*
2024-04-12 12:13:10.536366,*
2024-04-29 01:03:11.909603,*
2024-04-22 13:34:41.415904,*
2024-05-02 04:00:15.686625,*
2024-05-10 16:37:06.343030,*
2024-05-04 11:14:27.331025,*
2024-05-12 04:17:16.460371,*
2024-04-28 05:08:37.113289,*
2024-04-21 02:38:37.429926,*
2024-05-29 04:56:12.955949,*
2024-05-24 04:02:36.906190,*
2024-04-24 06:04:10.925442,*
2024-04-21 10:25:04.930037,*
2024-05-02 15:52:31.021338,*
2024-06-06 03:53:30.897799,*
2024-04-30 18:21:28.842282,*
2024-05-17 03:01:08.473353,*
2024-05-20 16:20:31.924594,*
2024-04-08 12:06:27.088955,*
2024-04-20 09:13:39.408893,*
2024-05-10 21:40:16.261338,*
2024-04-14 05:03:35.121042,*
2024-05-13 21:22:26.215614,*
2024-04-15 05:40:32.890710,*
2024-04-27 01:13:32.401941,*
2024-05-06 05:15:05.297343,*
2024-04-15 00:59:18.764040,*
2024-05-26 02:40:07.780171,*
2024-04-08 01:25:31.276411,*
2024-04-21 12:27:23.668219,*
2024-05-22 22:47:58.432087,*
2024-04-22 11:19:13.444596,*
2024-04-08 07:43:36.968339,*
2024-04-19 05:12:29.432246,*
2024-05-09 03:15:06.850997,*
2024-06-04 12:15:12.092971,*
2024-05-18 03:04:28.325690,*
2024-05-21 22:23:16.919714,*
2024-04-16 07:01:29.805928,*
2024-05-09 14:44:39.059085,*
2024-05-06 20:01:42.525579,*
2024-04-23 01:20:54.389349,*
2024-05-10 03:26:19.890691,*
2024-06-05 12:58:29.118966,*
2024-05-24 17:16:03.138739,*
2024-05-17 12:53:09.198582,*
2024-06-02 16:15:23.277746,*
2024-05-03 14:11:08.124365,*
2024-05-20 19:26:50.654718,*
2024-05-29 08:48:09.075282,*
2024-04-16 15:19:55.227544,*
2024-05-02 11:23:57.995995,*
2024-05-23 09:32:01.650411,*
2024-05-21 07:02:27.809966,*
2024-04-07 21:26:00.394037,*
2024-05-18 00:06:50.605165,*
2024-04-08 23:01:04.007123,*
2024-04-27 04:30:09.322487,*
2024-06-05 13:36:25.580061,*
2024-04-25 20:18:23.550370,*
2024-05-26 07:29:37.937305,*
2024-05-09 17:51:40.431546,*
2024-05-07 15:01:06.624809,*
2024-05-31 15:16:29.756679,*
2024-04-17 01:26:12.750050,*
2024-04-09 03:14:17.816908,*
2024-05-28 16:58:30.264181,*
2024-04-24 01:58:19.139732,*
2024-05-24 05:10:54.519548,*
2024-04-15 01:49:19.478356,*
2024-05-02 04:12:41.537350,*
2024-05-13 05:48:49.342492,*
2024-04-19 22:23:31.402864,*
2024-04-18 22:23:14.499550,*
2024-05-24 05:30:59.134663,*
2024-04-16 11:36:08.743341,*
2024-04-22 00:54:21.423156,*
2024-05-02 17:40:11.819709,*
2024-05-24 21:52:18.944633,*
2024-04-30 12:28:40.853111,*
2024-05-14 14:15:40.588699,*
2024-04-28 23:10:20.155822,*
2024-04-18 02:25:38.723408,*
2024-06-05 10:05:58.538415,*
2024-05-29 01:25:23.759163,*
2024-05-07 11:39:50.946303,*
2024-04-26 00:16:29.836791,*
2024-04-21 18:05:31.796064,*
2024-04-10 03:12:17.967663,*
2024-05-06 06:58:15.503639,*
2024-04-15 21:18:23.255227,*
2024-06-05 00:45:49.012686,*
2024-05-11 13:35:54.674639,*
2024-04-19 03:46:44.874877,*
2024-06-01 23:12:12.305745,*
2024-06-04 13:04:06.213829,*
2024-04-12 05:07:32.923729,*
2024-04-26 17:24:42.000565,*
2024-05-10 07:44:57.261802,*
2024-05-11 16:34:58.446179,*
2024-05-27 05:37:44.655904,*
2024-05-25 07:25:41.978585,*
2024-05-13 21:07:51.229933,*
2024-04-13 18:34:38.095802,*
2024-05-13 17:37:00.804867,*
2024-04-11 01:20:50.010782,*
2024-05-04 06:31:20.247088,*
2024-05-26 02:54:20.665204,*
2024-04-25 16:23:29.949964,*
2024-04-27 01:48:32.129528,*
2024-05-18 17:36:42.813576,*
2024-05-15 17:44:29.938091,*
2024-04-25 23:36:22.093347,*
2024-05-11 03:39:05.490744,*
2024-05-15 22:39:08.070786,*
2024-05-14 08:37:31.463353,*
2024-05-24 14:16:22.533340,*
2024-04-13 00:28:31.065953,*
2024-05-09 06:13:24.416827,*
2024-05-06 07:00:38.797627,*
2024-04-14 09:50:43.168958,*
2024-05-25 11:42:50.099686,*
2024-04-10 14:48:34.701213,*
2024-04-23 08:02:16.550526,*
2024-05-09 04:40:00.396994,*
2024-05-31 10:15:45.458814,*
2024-04-14 05:13:23.980162,*
2024-05-21 01:32:40.407161,*
2024-05-31 17:48:14.477773,*
2024-04-09 21:08:18.873965,*
2024-05-03 15:22:35.889187,*
2024-05-24 14:46:07.643213,*
2024-05-22 04:23:31.760039,*
2024-05-30 13:43:55.407187,*
2024-04-17 12:12:47.098055,*
2024-04-15 14:33:48.303553,*
2024-04-24 10:13:53.554059,*
2024-04-10 10:23:35.773742,*
2024-06-06 02:10:30.431975,*
2024-05-01 19:46:35.576444,*
2024-05-20 10:43:30.762063,*
2024-06-02 08:44:19.493112,*
2024-04-13 10:30:00.554749,*
2024-05-03 13:50:30.350049,*
2024-05-30 03:09:47.337627,*
2024-05-09 22:24:45.550911,*
2024-04-23 08:06:26.889727,*
2024-04-13 17:29:02.097775,*
2024-05-20 07:32:06.794083,*
2024-04-26 15:24:49.708494,*
2024-04-17 02:56:19.196849,*
2024-05-24 07:04:28.546152,*
2024-04-14 10:46:03.812413,*
2024-06-01 17:13:56.447235,*
2024-05-29 07:43:22.418758,*
2024-06-05 18:04:51.524879,*
2024-05-01 00:20:59.736130,*
2024-04-11 23:44:01.069291,*
2024-04-18 11:10:09.551368,*
2024-05-20 01:09:28.565781,*
2024-05-17 11:42:10.000085,*
2024-04-17 03:07:51.972930,*
2024-05-19 06:00:00.960151,*
2024-05-05 12:40:56.886929,*
2024-04-08 21:40:43.261009,*
2024-05-29 23:11:46.117930,*
2024-04-10 02:00:41.835288,*
2024-05-24 03:15:00.889925,*
2024-04-20 15:52:20.922488,*
2024-05-13 05:09:43.840310,*
2024-04-25 02:13:25.402131,*
2024-06-05 09:38:04.733936,*
2024-05-22 22:14:57.967782,*
2024-05-12 16:25:33.494525,*
2024-04-17 09:05:23.913870,*
2024-06-03 23:57:11.767074,*
2024-05-16 09:15:47.988846,*
2024-04-26 02:46:02.535277,*
2024-05-12 07:46:51.631828,*
2024-06-02 16:27:34.176728,*
2024-06-05 10:11:57.062230,*
2024-04-21 12:41:24.520156,*
2024-05-16 03:09:47.130029,*
2024-05-06 06:36:28.452547,*
2024-05-19 04:55:49.630253,*
2024-04-28 08:43:21.376279,*
2024-05-20 11:56:14.610796,*
2024-04-27 15:25:13.745407,*
2024-05-23 12:27:40.902851,*
2024-04-10 17:29:24.420688,*
2024-04-17 21:24:40.074699,*
2024-04-21 15:04:39.699779,*
2024-05-26 07:42:17.698477,*
2024-06-04 18:33:26.759034,*
2024-04-21 06:09:33.171556,*
2024-05-25 04:44:55.176650,*
2024-05-07 02:39:57.223417,*
2024-05-12 17:18:44.845917,*
2024-05-28 05:53:48.428931,*
2024-05-11 21:42:52.516048,*
2024-04-22 10:17:05.001294,*
2024-04-09 15:44:22.093910,*
2024-05-13 17:03:56.754401,*
2024-04-08 09:03:58.619014,*
2024-05-25 11:24:08.134986,*
2024-05-01 20:52:52.181959,*
2024-06-04 12:46:36.570747,*
2024-05-11 11:26:35.359854,*
2024-04-07 18:32:17.740677,*
2024-05-11 00:31:21.043293,*
2024-06-01 07:00:03.718431,*
2024-04-27 15:20:06.714439,*
2024-05-19 01:36:19.498527,*
2024-04-12 05:47:15.665596,*
2024-04-25 07:59:29.762065,*
2024-04-07 17:28:09.523265,*
2024-04-25 07:05:49.489764,*
2024-05-26 04:34:22.594677,*
2024-06-02 08:02:24.638339,*
2024-05-27 18:47:33.614834,*
2024-05-28 04:42:31.095146,*
2024-05-13 09:09:38.908283,*
2024-06-02 07:41:11.835171,*
2024-05-19 15:40:01.835851,*
2024-04-21 12:40:42.109871,*
2024-04-20 20:06:24.470885,*
2024-05-07 04:53:38.508790,*
2024-04-07 19:20:56.189601,*
2024-04-20 01:11:51.612792,*
2024-05-25 23:23:35.838930,*
2024-04-10 11:57:12.736911,*
2024-05-20 13:30:33.844572,*
2024-05-15 00:46:33.981225,*
2024-04-17 23:17:27.603662,*
2024-04-11 05:34:57.637572,*
2024-05-10 00:26:34.614604,*
2024-05-10 17:01:32.871530,*
2024-05-30 21:33:07.284707,*
2024-04-30 01:17:25.714483,*
2024-05-16 15:15:06.938621,*
2024-05-28 19:06:20.356289,*
2024-05-04 05:35:07.661812,*
2024-05-11 21:59:50.191421,*
2024-05-25 09:10:41.094525,*
2024-04-19 06:34:28.572545,*
2024-04-11 23:41:40.415404,*
2024-05-18 02:49:46.015844,*
2024-05-31 22:15:38.974817,*
2024-05-27 19:25:41.948017,*
2024-05-27 15:54:44.120930,*
2024-04-16 03:14:24.791175,*
2024-05-08 07:42:42.005038,*
2024-05-11 05:50:51.295481,*
2024-04-09 12:25:40.564539,*
2024-05-04 19:31:38.259829,*
2024-05-23 02:40:19.964483,*
2024-05-16 04:47:03.142150,*
2024-04-24 11:01:27.886432,*
2024-04-28 11:53:55.398795,*
2024-04-29 01:35:04.263682,*
2024-04-21 11:56:05.915227,*
2024-05-06 15:20:12.863878,*
2024-04-27 09:49:09.232577,*
2024-04-30 07:41:20.689102,*
2024-04-18 00:04:38.264032,*
2024-05-25 14:16:39.271632,*
2024-04-16 07:57:27.525372,*
2024-05-08 18:22:51.368832,*
2024-04-29 04:55:23.285666,*
2024-05-08 03:18:09.912916,*
2024-04-14 23:58:27.393487,*
2024-05-21 10:10:13.581461,*
2024-05-31 19:18:39.027204,*
2024-04-16 23:42:20.872587,*
2024-04-26 19:57:14.848047,*
2024-04-25 08:38:00.517725,*
2024-06-04 15:08:55.809530,*
2024-05-31 01:37:16.978735,*
2024-05-26 11:07:24.060878,*
2024-05-12 22:33:08.520853,*
2024-05-30 03:54:19.237913,*
2024-05-17 05:41:47.608639,*
2024-05-22 18:46:54.621099,*
2024-04-14 14:16:01.491719,*
2024-04-26 16:27:20.713765,*
2024-05-18 02:46:55.532662,*
2024-05-01 03:06:05.496945,*
2024-05-19 19:09:21.365359,*
2024-04-19 03:04:47.587075,*
2024-05-13 23:52:38.852145,*
2024-04-20 23:35:39.575893,*
2024-04-18 09:09:26.046732,*
2024-04-13 13:52:34.570272,*
2024-06-03 13:17:41.098099,*
2024-04-16 06:24:50.793295,*
2024-05-21 16:22:27.388921,*
2024-05-02 13:06:33.143424,*
2024-05-11 20:59:17.525137,*
2024-05-26 03:11:18.232943,*
2024-06-06 03:31:33.418508,*
2024-04-15 12:06:54.791882,*
2024-05-23 17:47:52.255221,*
2024-04-14 18:30:14.368088,*
2024-04-25 04:20:25.758223,*
2024-05-18 07:11:28.922330,*
2024-04-14 19:06:51.912903,*
2024-05-30 06:33:57.934777,*
2024-04-28 21:34:20.481090,*
2024-06-01 10:18:14.145284,*
2024-05-13 00:31:43.131873,*
2024-04-19 13:09:08.207369,*
2024-05-27 03:26:50.914414,*
2024-04-27 17:47:19.043976,*
2024-04-22 20:17:48.173745,*
2024-05-19 09:41:36.747560,*
2024-04-29 20:12:36.665734,*
2024-05-21 12:43:56.685845,*
2024-04-17 02:09:09.898823,*
2024-06-05 03:39:27.481271,*
2024-04-18 09:06:24.872287,*
2024-05-02 19:13:39.645647,*
2024-04-14 20:13:19.615825,*
2024-06-03 18:13:25.581919,*
2024-04-14 23:08:29.500370,*
2024-05-03 10:35:56.784582,*
2024-06-04 10:22:15.840284,*
2024-04-10 02:49:22.715740,*
2024-05-09 15:39:04.100728,*
2024-05-02 11:21:32.933042,*
2024-04-24 14:47:11.816577,*
2024-06-05 04:30:20.728897,*
2024-04-10 14:54:51.795975,*
2024-04-17 10:21:28.495114,*
2024-05-10 17:34:26.414087,*
2024-04-22 07:11:18.867735,*
2024-05-30 02:25:13.126391,*
2024-05-04 00:04:06.331599,*
2024-06-05 19:59:10.056839,*
2024-04-09 05:00:59.276256,*
2024-05-08 20:31:12.141006,*
2024-04-17 20:05:57.924646,*
2024-04-20 04:46:09.025943,*
2024-05-10 00:07:21.679821,*
2024-04-22 12:07:13.499770,*
2024-05-15 21:36:50.319623,*
2024-05-07 16:35:11.473031,*
2024-05-30 02:18:43.490125,*
2024-06-04 20:39:50.450885,*
2024-06-06 13:52:23.954021,*
2024-04-09 20:30:27.607505,*
2024-05-25 15:26:22.626454,*
2024-04-13 20:38:47.481861,*
2024-05-17 08:04:14.488026,*
2024-05-23 05:29:58.093034,*
2024-05-28 04:18:39.341175,*
2024-05-14 06:31:38.949579,*
2024-04-24 11:51:27.615064,*
2024-04-24 20:59:04.846497,*
2024-05-09 08:48:04.284779,*
2024-04-29 00:07:24.795046,*
2024-04-24 02:12:45.457406,*
2024-06-01 01:09:23.324790,*
2024-04-27 01:51:04.875429,*
2024-04-25 16:21:17.947613,*
2024-06-05 06:47:47.965249,*
2024-05-10 16:42:28.353637,*
2024-06-02 06:42:37.727234,*
2024-04-12 07:24:46.355378,*
2024-05-23 20:42:32.730799,*
2024-04-14 17:19:22.868096,*
2024-05-28 14:50:42.760118,*
2024-04-19 06:05:58.987165,*
2024-05-12 03:52:55.064723,*
2024-04-22 00:22:41.598196,*
2024-04-15 04:11:45.580405,*
2024-04-14 01:09:15.714395,*
2024-05-01 08:06:27.628510,*
2024-04-20 15:05:23.035130,*
2024-04-10 22:42:51.996964,*
2024-04-21 20:44:35.870292,*
2024-04-14 09:04:56.204471,*
2024-04-25 12:32:16.175358,*
2024-06-01 17:32:09.058767,*
2024-04-26 01:05:31.371352,*
2024-04-09 20:12:47.232531,*
2024-04-19 12:06:59.283907,*
2024-05-29 07:42:29.132172,*
2024-04-15 04:59:43.169127,*
2024-05-14 17:38:25.832268,*
2024-05-11 04:22:01.254062,*
2024-06-04 16:58:30.978783,*
2024-05-06 12:05:42.692966,*
2024-05-21 02:48:41.580696,*
2024-05-26 01:25:41.242809,*
2024-05-01 13:57:54.659785,*
2024-05-02 18:19:48.300584,*
2024-05-27 01:00:45.930764,*
2024-05-15 17:25:42.067553,*
2024-06-02 11:14:52.715364,*
2024-05-22 04:20:52.654700,*
2024-04-14 11:45:12.430456,*
2024-06-01 02:37:11.701449,*
2024-05-04 14:26:26.602912,*
2024-05-28 20:03:01.616283,*
2024-04-28 17:50:08.524950,*
2024-04-29 01:20:02.525503,*
2024-05-23 02:17:56.039942,*
2024-04-10 10:36:38.481847,*
2024-05-28 21:03:41.036913,*
2024-04-13 05:06:57.282516,*
2024-05-04 19:09:58.108789,*
2024-05-08 18:08:21.267396,*
2024-05-11 23:47:31.326844,*
2024-05-26 13:44:44.455431,*
2024-04-11 08:36:52.840946,*
2024-04-12 13:08:05.571887,*
2024-06-02 02:37:00.532819,*
2024-04-27 20:29:54.437611,*
2024-04-09 13:35:05.366429,*
2024-05-17 21:18:15.467350,*
2024-04-27 23:47:46.550898,*
2024-05-22 07:01:54.127629,*
2024-04-11 17:25:39.087958,*
2024-04-16 00:44:22.781496,*
2024-06-04 10:44:21.925982,*
2024-05-16 21:50:47.513373,*
2024-05-27 16:37:06.886478,*
2024-05-07 19:29:17.747180,*
2024-04-30 00:36:33.379713,*
2024-04-29 11:14:12.624822,*
2024-04-27 04:49:23.165588,*
2024-04-22 22:30:00.371561,*
2024-05-05 00:09:00.518604,*
2024-05-02 10:56:16.498814,*
2024-04-09 09:03:30.840793,*
2024-04-21 15:49:37.705636,*
2024-05-30 12:20:28.582644,*
2024-05-07 03:40:20.496358,*
2024-05-07 08:38:28.750408,*
2024-05-08 02:28:57.558902,*
2024-05-26 00:14:18.272845,*
2024-04-19 21:51:16.764286,*
2024-05-04 07:32:32.317868,*
2024-06-05 12:22:33.538853,*
2024-04-16 18:47:11.470864,*
2024-04-24 05:31:35.685440,*
2024-05-29 06:09:18.578352,*
2024-05-25 04:13:49.011293,*
2024-05-05 19:38:14.569227,*
2024-04-23 08:45:03.038876,*
2024-05-18 11:39:36.043761,*
2024-05-24 13:30:34.340743,*
2024-05-05 11:48:53.634681,*
2024-05-22 20:33:03.205548,*
2024-04-23 23:31:02.981221,*
2024-04-08 17:24:52.825311,*
2024-04-09 08:00:16.600937,*
2024-04-11 19:16:13.776741,*
2024-04-28 05:18:16.069109,*
2024-05-17 11:32:12.035749,*
2024-05-20 19:52:21.544573,*
2024-05-29 19:08:17.979871,*
2024-05-27 21:15:23.973196,*
2024-05-03 13:42:38.069850,*
2024-04-12 02:04:59.150559,*
2024-05-04 10:05:24.530011,*
2024-05-30 02:56:37.773953,*
2024-04-16 09:35:39.529140,*
2024-05-24 00:19:06.491487,*
2024-05-25 18:28:28.578974,*
2024-05-27 04:02:22.045402,*
2024-05-27 11:11:02.205938,*
2024-05-15 10:41:24.958756,*
2024-04-14 04:34:16.964802,*
2024-05-01 19:39:49.690930,*
2024-05-11 05:08:07.657780,*
2024-04-08 10:36:36.268409,*
2024-04-20 06:34:31.909521,*
2024-04-20 11:08:43.221619,*
2024-04-30 01:01:08.094060,*
2024-05-06 00:27:14.476559,*
2024-05-11 06:58:55.641449,*
2024-04-19 20:59:10.628000,*
2024-05-06 07:16:28.772225,*
2024-04-29 17:43:38.534185,*
2024-05-28 05:07:41.797219,*
2024-04-26 13:27:25.943885,*
2024-06-02 22:04:37.765967,*
2024-04-09 08:28:26.213085,*
2024-04-16 05:20:17.233243,*
2024-04-15 07:07:54.626711,*
2024-05-05 18:34:21.221045,*
2024-04-28 13:44:31.902804,*
2024-04-13 11:09:36.063416,*
2024-05-23 11:01:09.779328,*
2024-06-02 18:26:05.097119,*
2024-05-24 11:51:40.130991,*
2024-05-19 01:09:26.196965,*
2024-05-03 00:08:17.762085,*
2024-04-11 13:08:21.926800,*
2024-04-07 23:38:55.675402,*
2024-05-04 08:24:00.183049,*
2024-04-25 14:43:02.167388,*
2024-04-26 07:53:59.729303,*
2024-05-10 12:09:34.640543,*
2024-05-15 20:31:20.816841,*
2024-04-24 11:12:46.990053,*
2024-05-24 10:09:58.576475,*
2024-05-22 07:54:22.441769,*
2024-05-04 06:54:12.775867,*
2024-04-13 01:10:52.234073,*
2024-06-05 00:57:39.787777,*
2024-04-24 11:59:32.230823,*
2024-04-20 15:15:23.998493,*
2024-04-11 09:48:20.148436,*
2024-04-28 05:04:15.511892,*
2024-05-19 08:04:55.650584,*
2024-05-16 06:24:45.013297,*
2024-04-30 14:37:18.081018,*
2024-05-18 18:45:33.335271,*
2024-05-20 09:45:44.285218,*
2024-04-18 10:37:51.328591,*
2024-05-21 19:49:05.511977,*
2024-05-20 14:28:12.224147,*
2024-04-17 04:21:00.580845,*
2024-05-15 11:22:38.805749,*
2024-05-04 23:37:29.228320,*
2024-05-25 19:20:46.256436,*
2024-05-06 09:58:00.867806,*
2024-04-29 02:47:26.586359,*
2024-05-04 18:15:53.250050,*
2024-05-16 17:06:40.212840,*
2024-05-29 01:02:49.997111,*
2024-05-01 22:38:29.963540,*
2024-05-05 12:08:52.135597,*
2024-04-11 04:03:07.571194,*
2024-05-08 03:03:47.870635,*
2024-05-20 21:50:26.266993,*
2024-04-29 21:13:30.742042,*
2024-05-27 07:49:07.410317,*
2024-06-03 15:50:14.015637,*
2024-04-10 04:20:41.536989,*
2024-04-11 04:40:52.860577,*
2024-06-04 11:06:19.203696,*
2024-04-13 02:25:47.592918,*
2024-05-13 14:15:17.983190,*
2024-05-24 06:57:06.868604,*
2024-04-15 22:57:49.383275,*
2024-05-02 04:55:25.101720,*
2024-04-23 04:51:38.558596,*
2024-05-23 18:51:50.561640,*
2024-04-16 06:19:46.953043,*
2024-04-28 03:28:27.806047,*
2024-04-26 05:54:21.144248,*
2024-06-04 07:51:07.897331,*
2024-05-15 09:27:15.579452,*
2024-04-21 22:11:37.758510,*
2024-05-16 18:06:07.712258,*
2024-04-28 07:36:54.525934,*
2024-04-18 05:57:10.411242,*
2024-05-18 21:02:36.710832,*
2024-06-04 08:28:30.728626,*
2024-04-28 09:21:18.700693,*
2024-04-10 13:42:43.802166,*
2024-04-11 03:12:57.785189,*
2024-05-26 18:43:00.176146,*
2024-06-02 19:31:12.841563,*
2024-05-08 09:15:15.330355,*
2024-04-29 10:34:40.486261,*
2024-05-22 19:25:17.077229,*
2024-04-28 16:31:06.585525,*
2024-04-09 07:23:46.349882,*
2024-05-02 23:08:35.142229,*
2024-04-20 09:43:07.002561,*
2024-05-19 07:03:25.023603,*
2024-05-18 20:13:47.562412,*
2024-05-30 18:19:35.897268,*
2024-04-25 13:48:49.592104,*
2024-05-31 04:48:30.007111,*
2024-05-02 17:46:14.095667,*
2024-05-21 09:53:19.982736,*
2024-05-04 18:55:53.756342,*
2024-04-12 09:58:20.304669,*
2024-04-30 05:08:59.658881,*
2024-04-29 23:35:23.586532,*
2024-06-02 05:48:45.807198,*
2024-05-03 18:44:05.699486,*
2024-05-14 09:28:42.966127,*
2024-05-30 04:25:09.487708,*
2024-04-16 08:47:23.578801,*
2024-04-14 19:17:58.394029,*
2024-04-17 16:47:33.482071,*
2024-04-24 12:33:47.183642,*
2024-06-05 22:15:11.604403,*
2024-05-10 22:05:19.006567,*
2024-05-21 21:43:03.582109,*
2024-04-12 13:37:15.516820,*
2024-05-13 09:00:15.504297,*
2024-05-15 08:09:05.400045,*
2024-05-31 17:17:18.275572,*
2024-05-12 16:01:04.878662,*
2024-05-09 22:38:46.494244,*
2024-04-09 22:43:45.982568,*
2024-05-21 13:49:42.304062,*
2024-04-16 04:37:17.645406,*
2024-06-05 18:16:14.640428,*
2024-05-09 10:10:04.104043,*
2024-06-05 13:01:54.192713,*
2024-04-14 07:42:07.493777,*
2024-04-08 05:34:42.198749,*
2024-05-18 06:59:59.415768,*
2024-05-02 17:24:23.228940,*
2024-05-19 18:56:53.766174,*
2024-06-01 12:38:04.660170,*
2024-04-10 10:50:27.766468,*
2024-06-05 14:45:15.987965,*
2024-05-01 08:03:09.236351,*
2024-04-08 10:38:02.069754,*
2024-05-03 07:39:27.565826,*
2024-04-07 23:32:11.327694,*
2024-05-12 19:41:18.744158,*
2024-05-09 17:35:04.118131,*
2024-05-28 23:25:09.003862,*
2024-04-12 00:17:51.696229,*
2024-04-09 01:35:32.608553,*
2024-04-09 02:37:32.889141,*
2024-04-30 05:54:08.863249,*
2024-04-27 14:13:13.809178,*
2024-05-06 21:22:36.822293,*
2024-04-11 14:00:51.217568,*
2024-04-20 00:54:17.647089,*
2024-05-01 11:15:20.128415,*
2024-05-17 05:39:13.458671,*
2024-05-12 05:18:34.904462,*
2024-04-09 01:22:06.046763,*
2024-05-12 02:23:43.870926,*
2024-05-13 04:10:43.088815,*
2024-04-13 04:47:20.323735,*
2024-06-04 19:19:17.989995,*
2024-05-24 12:09:56.039214,*
2024-04-28 11:03:38.384135,*
2024-05-02 03:14:04.654848,*
2024-04-16 06:15:40.327614,*
2024-06-06 16:02:27.635449,*
2024-04-08 06:35:25.676995,*
2024-05-22 10:16:16.974881,*
2024-05-13 02:06:04.542548,*
2024-04-26 05:41:34.861279,*
2024-05-29 18:11:56.019048,*
2024-04-19 11:34:12.328021,*
2024-05-09 05:54:37.351540,*
2024-05-07 21:22:12.766794,*
2024-06-05 16:40:05.914013,*
2024-05-23 00:24:15.404359,*
2024-04-22 17:55:35.019466,*
2024-05-25 18:59:07.811352,*
2024-05-12 15:32:42.301519,*
2024-05-28 19:58:36.651313,*
2024-04-14 09:58:56.550713,*
2024-06-01 21:19:30.606554,*
2024-04-21 04:22:51.938018,*
2024-05-15 22:11:01.138681,*
2024-04-19 04:36:25.577379,*
2024-05-15 21:23:26.151259,*
2024-04-21 18:29:15.004281,*
2024-05-15 04:32:06.598422,*
2024-05-26 21:53:38.221004,*
2024-05-16 15:52:24.441796,*
2024-05-08 02:08:49.775458,*
2024-05-20 18:13:58.263688,*
2024-05-27 04:48:30.653267,*
2024-05-25 10:53:20.710729,*
2024-06-06 04:16:08.739231,*
2024-04-08 09:35:25.369284,*
2024-04-29 00:22:30.460433,*
2024-04-14 04:57:40.045413,*
2024-05-13 07:42:01.751037,*
2024-05-29 08:48:31.966455,*
2024-04-30 12:34:52.255024,*
2024-04-28 15:48:28.417918,*
2024-04-12 20:32:27.359163,*
2024-05-25 10:11:11.142752,*
2024-05-25 05:54:47.668788,*
2024-04-15 13:28:44.136505,*
2024-05-23 16:51:23.647907,*
2024-05-29 20:53:52.512629,*
2024-05-11 03:37:58.624513,*
2024-05-18 16:20:22.527211,*
2024-05-08 08:36:48.817710,*
2024-05-08 00:40:00.509155,*
2024-05-20 05:41:17.305273,*
2024-05-11 05:44:24.733030,*
2024-06-01 14:48:25.236128,*
2024-04-08 11:35:29.360534,*
2024-05-20 20:35:26.500028,*
2024-05-04 21:32:14.251803,*
2024-05-07 00:46:50.475493,*
2024-05-01 19:28:13.924337,*
2024-05-02 22:02:23.939428,*
2024-05-03 19:03:33.177904,*
2024-05-10 22:47:23.234395,*
2024-05-19 02:55:51.837050,*
2024-05-13 04:37:38.202700,*
2024-04-23 07:47:08.953970,*
2024-05-04 22:43:40.416795,*
2024-04-07 16:47:28.861196,*
2024-06-05 09:22:59.158364,*
2024-05-02 10:20:56.366079,*
2024-05-19 18:00:53.836783,*
2024-05-26 08:12:24.874863,*
2024-05-09 16:44:40.525539,*
2024-05-20 12:30:02.502260,*
2024-05-30 04:58:40.874876,*
2024-04-25 19:06:07.383641,*
2024-04-30 18:05:42.197284,*
2024-06-04 23:19:00.627984,*
2024-04-14 18:24:38.385421,*
2024-04-29 22:48:47.555136,*
2024-05-25 01:41:24.945912,*
2024-04-08 18:10:31.636678,*
2024-05-10 09:35:31.306328,*
2024-05-17 05:46:52.339320,*
2024-04-26 16:32:41.948802,*
2024-05-13 18:58:03.951374,*
2024-05-25 23:43:21.744154,*
2024-04-13 23:15:00.744532,*
2024-06-02 08:44:26.710463,*
2024-04-15 17:52:29.767187,*
2024-04-12 18:53:59.236328,*
2024-05-04 17:04:09.666211,*
2024-05-04 02:00:15.701358,*
2024-04-24 03:27:59.349857,*
2024-04-26 12:57:56.600176,*
2024-05-05 18:20:25.080088,*
2024-04-26 11:45:01.185849,*
2024-04-08 01:57:51.233031,*
2024-05-17 04:47:02.357144,*
2024-04-10 04:45:54.853441,*
2024-04-20 10:35:56.318559,*
2024-05-19 03:03:47.740674,*
2024-05-30 17:02:23.990721,*
2024-04-14 17:11:56.059057,*
2024-05-18 22:51:06.526939,*
2024-04-18 19:05:26.212485,*
2024-05-14 10:07:43.070464,*
2024-05-25 16:46:13.015023,*
2024-05-25 14:39:57.330935,*
2024-05-28 04:48:30.245100,*
2024-04-14 01:10:50.216229,*
2024-06-01 17:18:21.175610,*
2024-05-25 11:04:55.039645,*
2024-05-06 03:55:53.009011,*
2024-05-30 14:58:09.050945,*
2024-05-03 18:15:10.558421,*
2024-04-13 12:49:54.053060,*
2024-05-12 03:17:42.177684,*
2024-04-12 13:59:42.265384,*
2024-05-08 18:30:07.075258,*
2024-05-03 22:48:49.510063,*
2024-04-22 17:52:58.028818,*
2024-06-04 09:27:58.540745,*
2024-05-30 21:11:57.713091,*
2024-05-10 19:18:14.200471,*
2024-05-03 19:05:04.139387,*
2024-04-29 12:16:27.954201,*
2024-05-13 00:02:45.104461,*
2024-04-10 07:19:10.660650,*
2024-05-19 04:52:26.615821,*
2024-06-04 22:52:58.961658,*
2024-04-09 10:01:58.849272,*
